{"version":"0.2","x":58,"y":51,"width":252,"height":230,"scale":1.0,"color":0,"transparent":true,"strokes":[{"width":2.5,"color":-1,"type":"pen","data":[132.0,144.64102,1.0,72.0,110.0,1.0,132.0,75.358986,1.0,132.0,144.64102,1.0]},{"width":2.5,"color":-1,"type":"pen","data":[162.0,110.0,1.0,161.72609,115.226425,1.0,160.90738,120.395584,1.0,159.55283,125.45085,1.0,157.67728,130.33684,1.0,155.30127,135.0,1.0,152.45085,139.38927,1.0,149.15724,143.45653,1.0,145.45653,147.15724,1.0,141.38927,150.45085,1.0,137.0,153.30127,1.0,132.33684,155.67728,1.0,127.45085,157.55283,1.0,122.395584,158.90738,1.0,117.226425,159.72609,1.0,112.0,160.0,1.0,106.773575,159.72609,1.0,101.604416,158.90738,1.0,96.54915,157.55283,1.0,91.66316,155.67728,1.0,87.0,153.30127,1.0,82.61073,150.45085,1.0,78.54347,147.15724,1.0,74.84276,143.45653,1.0,71.54915,139.38927,1.0,68.69873,135.0,1.0,66.32272,130.33684,1.0,64.447174,125.45085,1.0,63.09262,120.395584,1.0,62.273903,115.226425,1.0,62.0,110.0,1.0,62.273903,104.773575,1.0,63.09262,99.604416,1.0,64.447174,94.54915,1.0,66.32272,89.66316,1.0,68.69873,85.0,1.0,71.54915,80.61073,1.0,74.84276,76.54347,1.0,78.54347,72.84276,1.0,82.61073,69.54915,1.0,87.0,66.69873,1.0,91.66316,64.32272,1.0,96.54915,62.447174,1.0,101.604416,61.09262,1.0,106.773575,60.273903,1.0,112.0,60.0,1.0,117.226425,60.273903,1.0,122.395584,61.09262,1.0,127.45085,62.447174,1.0,132.33684,64.32272,1.0,137.0,66.69873,1.0,141.38927,69.54915,1.0,145.45653,72.84276,1.0,149.15724,76.54347,1.0,152.45085,80.61073,1.0,155.30127,85.0,1.0,157.67728,89.66316,1.0,159.55283,94.54915,1.0,160.90738,99.604416,1.0,161.72609,104.773575,1.0,162.0,110.0,1.0]},{"width":2.5,"color":-1,"type":"pen","data":[152.0,110.0,1.0,151.78087,114.18114,1.0,151.1259,118.31647,1.0,150.04227,122.36069,1.0,148.54182,126.26947,1.0,146.64102,130.0,1.0,144.36069,133.51141,1.0,141.7258,136.76523,1.0,138.76523,139.7258,1.0,135.51141,142.36069,1.0,132.0,144.64102,1.0,128.26947,146.54182,1.0,124.36069,148.04227,1.0,120.31647,149.1259,1.0,116.18114,149.78087,1.0,112.0,150.0,1.0,107.81886,149.78087,1.0,103.68353,149.1259,1.0,99.63931,148.04227,1.0,95.73053,146.54182,1.0,92.0,144.64102,1.0,88.48859,142.36069,1.0,85.23477,139.7258,1.0,82.2742,136.76523,1.0,79.63931,133.51141,1.0,77.35898,130.0,1.0,75.458176,126.26947,1.0,73.95773,122.36069,1.0,72.8741,118.31647,1.0,72.21913,114.18114,1.0,72.0,110.0,1.0,72.21913,105.81886,1.0,72.8741,101.68353,1.0,73.95773,97.63931,1.0,75.458176,93.73053,1.0,77.35898,90.0,1.0,79.63931,86.48859,1.0,82.2742,83.23477,1.0,85.23477,80.2742,1.0,88.48859,77.63931,1.0,92.0,75.358986,1.0,95.73053,73.45818,1.0,99.63931,71.95774,1.0,103.68353,70.8741,1.0,107.81886,70.219124,1.0,112.0,70.0,1.0,116.18114,70.219124,1.0,120.31647,70.8741,1.0,124.36069,71.95774,1.0,128.26947,73.45818,1.0,132.0,75.358986,1.0,135.51141,77.63931,1.0,138.76523,80.2742,1.0,141.7258,83.23477,1.0,144.36069,86.48859,1.0,146.64102,90.0,1.0,148.54182,93.73053,1.0,150.04227,97.63931,1.0,151.1259,101.68353,1.0,151.78087,105.81886,1.0,152.0,110.0,1.0]},{"width":2.5,"color":-1,"type":"pen","data":[152.0,110.0,1.0,92.0,144.64102,1.0,92.0,75.358986,1.0,152.0,110.0,1.0]}],"clip":{"width":5.0,"color":-16777216,"type":"pen","data":[99.794556,207.74731,1.0,100.79321,208.74634,1.0,100.79321,209.74536,1.0,99.794556,209.74536,1.0,97.79712,209.74536,1.0,96.79846,209.74536,1.0,94.801025,208.74634,1.0,92.80365,207.74731,1.0,91.80493,206.74829,1.0,89.807556,205.74927,1.0,87.81012,204.75024,1.0,86.81143,203.75122,1.0,85.812744,202.7522,1.0,83.81537,201.75317,1.0,83.00391,200.81659,1.0,81.81793,199.75513,1.0,79.50845,198.81854,1.0,76.82446,197.75708,1.0,74.202866,196.1961,1.0,71.83093,194.76,1.0,70.27046,194.26048,1.0,68.83484,193.76097,1.0,66.89985,192.32487,1.0,64.84003,190.7639,1.0,62.84265,189.82732,1.0,60.845276,188.76585,1.0,58.785454,186.89268,1.0,56.850464,184.76976,1.0,55.289993,182.7717,1.0,53.85437,180.77365,1.0,52.418747,178.7756,1.0,50.858276,176.77756,1.0,48.86087,174.77951,1.0,46.863464,172.78146,1.0,45.365417,170.84586,1.0,43.86737,168.78537,1.0,41.93239,166.28781,1.0,39.87256,163.79024,1.0,37.81273,161.85463,1.0,35.877747,159.79414,1.0,34.317276,156.85951,1.0,32.881653,153.8,1.0,31.321182,151.30243,1.0,29.88556,148.80487,1.0,28.824455,145.8078,1.0,27.888184,142.81073,1.0,26.889465,140.25073,1.0,25.890747,137.81561,1.0,24.829636,135.31805,1.0,23.893372,132.8205,1.0,23.331589,130.38538,1.0,22.894653,127.82536,1.0,22.395325,124.89073,1.0,21.895996,121.83122,1.0,21.33422,118.7717,1.0,20.897278,115.83707,1.0,20.834854,113.33951,1.0,20.897278,110.84195,1.0,20.772446,107.84488,1.0,20.897278,104.84781,1.0,21.771126,102.35025,1.0,22.894653,99.85268,1.0,23.893372,96.918045,1.0,24.89209,93.858536,1.0,25.890778,90.861465,1.0,26.889465,87.864395,1.0,27.82573,84.80487,1.0,28.88684,81.87024,1.0,30.384918,79.31024,1.0,31.882996,76.87512,1.0,32.881683,74.37756,1.0,33.88037,71.88,1.0,35.315994,69.32,1.0,36.876465,66.88488,1.0,38.312088,64.886826,1.0,39.87256,62.88878,1.0,41.620285,60.516098,1.0,43.86737,57.89366,1.0,46.012726,55.969612,1.0,48.49099,53.934563,1.0,50.858276,51.899513,1.0,52.92965,49.864464,1.0,54.89006,47.829414,1.0,56.850464,45.905365,1.0,58.88485,44.129326,1.0,60.919228,42.464287,1.0,62.84265,40.910248,1.0,65.33942,38.787323,1.0,67.83618,36.914146,1.0,70.70744,35.353172,1.0,73.82837,33.917076,1.0,76.12169,32.88105,1.0,78.525955,31.845024,1.0,80.819275,30.919998,1.0,83.87779,29.858536,1.0,86.81146,28.921951,1.0,89.74513,27.922928,1.0,92.80365,26.923904,1.0,96.17427,25.862442,1.0,99.794556,24.925858,1.0,102.45775,24.518845,1.0,105.2319,24.22284,1.0,107.78412,23.926826,1.0,110.84262,23.427315,1.0,113.776306,22.927803,1.0,117.27176,22.365852,1.0,120.76721,21.92878,1.0,123.70093,21.92878,1.0,126.75946,21.92878,1.0,129.31169,21.632774,1.0,132.08583,21.225761,1.0,134.74902,20.929756,1.0,138.36931,20.804878,1.0,141.73993,20.929756,1.0,144.79845,21.366829,1.0,147.73212,21.92878,1.0,150.79062,22.365852,1.0,153.7243,22.927803,1.0,156.2835,23.801956,1.0,158.71783,24.925858,1.0,161.15216,26.299515,1.0,163.7113,27.922928,1.0,166.64497,29.920975,1.0,169.70349,31.919022,1.0,172.69962,33.479996,1.0,175.69574,34.9161,1.0,178.75426,36.414635,1.0,181.68793,37.91317,1.0,184.24707,39.349274,1.0,186.6814,40.910248,1.0,189.24059,42.720978,1.0,191.67493,44.90634,1.0,193.73473,47.840973,1.0,195.66968,50.90049,1.0,197.66708,53.460487,1.0,199.66449,55.895607,1.0,201.6619,58.455612,1.0,203.6593,60.89073,1.0,205.59427,62.88878,1.0,207.65408,64.886826,1.0,210.08841,67.25951,1.0,212.64758,69.88195,1.0,214.34906,71.843,1.0,216.05057,73.915054,1.0,217.64108,75.8761,1.0,219.76334,78.37366,1.0,221.6359,80.871216,1.0,223.19635,83.80585,1.0,224.63199,86.86537,1.0,226.19244,89.92488,1.0,227.62808,92.85951,1.0,228.75162,95.41951,1.0,229.62549,97.85463,1.0,230.18726,100.3522,1.0,230.62418,102.84976,1.0,231.18594,105.22244,1.0,231.6229,107.84488,1.0,231.6853,111.21658,1.0,231.6229,114.83804,1.0,231.74774,118.397064,1.0,231.6229,121.83122,1.0,230.81146,124.95317,1.0,229.62549,127.82536,1.0,228.12744,130.38538,1.0,226.6294,132.8205,1.0,225.63068,135.25562,1.0,224.63199,137.81561,1.0,223.13394,140.75024,1.0,221.6359,143.80975,1.0,220.57477,146.80682,1.0,219.63849,149.80391,1.0,218.70221,152.86342,1.0,217.64108,155.79805,1.0,216.20544,158.35805,1.0,214.64499,160.79317,1.0,213.27179,163.35318,1.0,211.6489,165.7883,1.0,209.27698,167.84879,1.0,206.6554,169.7844,1.0,204.09622,171.84488,1.0,201.6619,173.78049,1.0,199.53967,175.46634,1.0,197.66711,176.77756,1.0,196.04424,177.33951,1.0,194.67102,177.77658,1.0,193.6723,178.71317,1.0,192.67358,179.77463,1.0,191.23795,180.83609,1.0,189.67749,181.77269,1.0,188.30428,182.2722,1.0,186.6814,182.77171,1.0,184.30951,183.7083,1.0,181.68793,184.76976,1.0,179.19116,185.83122,1.0,176.6944,186.7678,1.0,174.07281,187.32976,1.0,171.70093,187.76683,1.0,170.01563,188.32878,1.0,168.70483,188.76585,1.0,166.7074,188.76585,1.0,164.71002,189.76488,1.0,162.71265,189.76488,1.0,160.71521,189.76488,1.0,158.71783,190.7639,1.0,157.71912,190.7639,1.0,156.7204,